actual,predicted
183,183
116,116
32,32
66,66
122,122
142,142
177,177
129,129
69,69
35,35
30,30
62,62
188,188
40,40
119,119
162,162
145,145
11,11
178,178
138,138
31,31
9,9
166,166
47,47
123,123
127,127
107,107
72,72
30,30
196,196
137,137
37,37
192,192
33,33
78,78
120,120
105,105
175,175
137,137
93,93
176,176
188,188
15,15
106,106
70,70
47,47
79,79
22,22
93,93
115,115
146,146
130,130
30,30
113,113
19,19
135,135
38,38
48,48
89,89
157,157
191,191
122,122
78,78
97,97
10,10
87,87
142,142
187,187
127,127
48,48
179,179
168,168
165,165
28,28
34,34
111,111
51,51
32,32
176,176
183,183
64,64
54,54
6,6
190,190
81,81
12,12
156,156
7,7
147,147
158,158
0,0
179,179
19,19
196,196
22,22
15,15
131,131
32,32
76,76
52,52
174,174
14,14
149,149
78,78
62,62
56,56
1,1
126,126
185,185
107,107
110,110
87,87
57,57
37,37
95,95
95,95
50,50
123,123
88,88
191,191
114,114
28,28
171,171
103,103
76,76
189,189
194,194
132,132
131,131
165,165
92,92
5,5
78,78
25,25
136,136
34,34
151,151
127,127
25,25
134,134
128,128
158,158
46,46
3,3
98,98
22,22
163,163
29,29
145,145
138,138
113,113
153,153
41,41
79,79
172,172
31,31
60,60
104,104
158,158
97,97
135,135
97,97
128,128
90,90
101,101
52,52
116,116
125,125
99,99
161,161
14,14
10,10
180,180
164,164
165,165
127,127
156,156
45,45
127,127
187,187
184,184
165,165
50,50
20,20
66,66
32,32
31,31
163,163
70,70
126,126
152,152
33,33
25,25
50,50
33,33
66,66
105,105
121,121
37,37
132,132
78,78
59,59
193,193
11,11
173,173
150,150
91,91
177,177
89,89
99,99
119,119
45,45
117,117
87,87
179,179
41,41
46,46
42,42
32,32
18,18
128,128
24,24
40,40
57,57
177,177
21,21
185,185
147,147
94,94
30,30
57,57
7,7
97,97
119,119
34,34
38,38
182,182
196,196
152,152
25,25
170,170
58,58
175,175
186,186
139,139
67,67
142,142
3,3
17,17
175,175
13,13
185,185
180,180
19,19
84,84
32,32
101,101
123,123
83,83
134,134
170,170
91,91
142,142
55,55
120,120
120,120
107,107
27,27
171,171
40,40
105,105
68,68
124,124
12,12
41,41
69,69
18,18
88,88
85,85
103,103
130,130
134,134
26,26
159,159
49,49
68,68
194,194
117,117
148,148
139,139
147,147
53,53
39,39
20,20
40,40
110,110
28,28
101,101
9,9
96,96
67,67
154,154
89,89
182,182
74,74
74,74
69,69
51,51
34,34
193,193
86,86
42,42
13,13
185,185
139,139
148,148
26,26
120,120
11,11
162,162
136,136
130,130
123,123
173,173
18,18
142,142
175,175
26,26
40,40
44,44
147,147
26,26
175,175
41,41
173,173
4,4
22,22
8,8
179,179
100,100
105,105
126,126
45,45
58,58
168,168
195,195
23,23
29,29
106,106
175,175
82,82
170,170
160,160
182,182
139,139
151,151
64,64
189,189
172,172
26,26
103,103
184,184
30,30
8,8
28,28
157,157
120,120
86,86
5,5
28,28
117,117
188,188
11,11
10,10
197,197
164,164
30,30
196,196
184,184
85,85
106,106
101,101
162,162
66,66
26,26
30,30
168,168
12,12
108,108
96,96
188,188
112,112
194,194
142,142
92,92
186,186
94,94
26,26
26,26
107,107
5,5
168,168
168,168
14,14
170,170
74,74
148,148
122,122
68,68
44,44
32,32
157,157
179,179
60,60
174,174
29,29
76,76
58,58
98,98
126,126
136,136
168,168
46,46
115,115
72,72
108,108
4,4
163,163
152,152
110,110
190,190
125,125
9,9
66,66
134,134
125,125
30,30
28,28
112,112
10,10
185,185
47,47
87,87
26,26
4,4
179,179
115,115
145,145
192,192
181,181
82,82
31,31
48,48
63,63
143,143
141,141
147,147
12,12
99,99
150,150
75,75
72,72
121,121
25,25
68,68
52,52
111,111
197,197
170,170
135,135
110,110
36,36
83,83
160,160
71,71
150,150
40,40
51,51
152,152
33,33
36,36
33,33
166,166
19,19
38,38
26,26
105,105
161,161
194,194
128,128
154,154
67,67
131,131
135,135
9,9
173,173
180,180
182,182
184,184
28,28
83,83
25,25
112,112
117,117
21,21
151,151
42,42
95,95
194,194
156,156
141,141
18,18
79,79
168,168
42,42
131,131
107,107
136,136
130,130
3,3
125,125
94,94
90,90
53,53
171,171
184,184
142,142
81,81
98,98
21,21
185,185
12,12
75,75
195,195
118,118
123,123
97,97
123,123
103,103
45,45
108,108
57,57
1,1
108,108
42,42
52,52
14,14
118,118
88,88
193,193
65,65
10,10
125,125
61,61
171,171
76,76
31,31
41,41
113,113
73,73
148,148
144,144
43,43
24,24
75,75
98,98
28,28
136,136
29,29
25,25
29,29
161,161
67,67
195,195
114,114
154,154
92,92
160,160
170,170
116,116
1,1
98,98
58,58
113,113
108,108
182,182
145,145
139,139
169,169
115,115
109,109
77,77
182,182
7,7
145,145
95,95
59,59
99,99
71,71
139,139
146,146
149,149
85,85
119,119
159,159
133,133
141,141
179,179
8,8
57,57
98,98
34,34
62,62
16,16
88,88
181,181
23,23
157,157
40,40
27,27
129,129
49,49
28,28
28,28
115,115
45,45
190,190
122,122
80,80
94,94
103,103
151,151
49,49
166,166
188,188
0,0
68,68
186,186
191,191
142,142
21,21
59,59
69,69
35,35
114,114
121,121
47,47
150,150
22,22
121,121
64,64
109,109
5,5
93,93
133,133
85,85
5,5
150,150
85,85
169,169
86,86
42,42
186,186
170,170
128,128
90,90
57,57
106,106
113,113
112,112
104,104
162,162
182,182
40,40
18,18
104,104
144,144
123,123
2,2
130,130
47,47
3,3
177,177
86,86
166,166
171,171
32,32
120,120
153,153
60,60
11,11
172,172
65,65
78,78
7,7
16,16
122,122
1,1
71,71
120,120
168,168
32,32
181,181
20,20
0,0
159,159
88,88
62,62
109,109
43,43
109,109
185,185
133,133
8,8
170,170
56,56
0,0
101,101
14,14
65,65
131,131
124,124
97,97
26,26
80,80
126,126
188,188
194,194
64,64
109,109
178,178
71,71
124,124
47,47
28,28
192,192
120,120
117,117
160,160
73,73
182,182
148,148
140,140
193,193
65,65
85,85
132,132
33,33
127,127
160,160
124,124
68,68
96,96
53,53
164,164
170,170
145,145
146,146
76,76
178,178
71,71
15,15
51,51
38,38
157,157
63,63
195,195
54,54
90,90
62,62
86,86
193,193
173,173
46,46
42,42
118,118
188,188
15,15
136,136
110,110
163,163
178,178
6,6
42,42
67,67
151,151
78,78
124,124
102,102
70,70
124,124
63,63
30,30
42,42
139,139
77,77
160,160
172,172
52,52
14,14
164,164
87,87
129,129
125,125
90,90
150,150
66,66
45,45
161,161
85,85
63,63
134,134
155,155
165,165
43,43
41,41
7,7
51,51
49,49
18,18
184,184
177,177
178,178
152,152
164,164
92,92
132,132
117,117
172,172
164,164
197,197
56,56
112,112
37,37
94,94
71,71
164,164
114,114
112,112
86,86
122,122
136,136
65,65
22,22
31,31
143,143
183,183
171,171
5,5
17,17
178,178
162,162
182,182
15,15
178,178
75,75
35,35
12,12
60,60
85,85
127,127
58,58
66,66
50,50
4,4
87,87
9,9
28,28
124,124
23,23
131,131
85,85
178,178
86,86
66,66
191,191
185,185
61,61
147,147
132,132
78,78
123,123
153,153
18,18
141,141
81,81
134,134
88,88
105,105
40,40
1,1
90,90
83,83
109,109
186,186
78,78
41,41
86,86
103,103
72,72
80,80
7,7
11,11
89,89
11,11
117,117
15,15
162,162
21,21
107,107
115,115
67,67
175,175
155,155
127,127
48,48
83,83
165,165
70,70
58,58
167,167
185,185
0,0
6,6
17,17
86,86
140,140
153,153
77,77
159,159
135,135
26,26
153,153
117,117
49,49
34,34
80,80
174,174
182,182
152,152
85,85
155,155
68,68
132,132
36,36
40,40
182,182
146,146
153,153
85,85
79,79
37,37
136,136
59,59
54,54
181,181
61,61
11,11
97,97
174,174
27,27
48,48
29,29
144,144
77,77
38,38
116,116
134,134
71,71
70,70
186,186
115,115
112,112
10,10
105,105
68,68
181,181
135,135
33,33
1,1
81,81
192,192
6,6
15,15
148,148
113,113
149,149
40,40
154,154
170,170
25,25
184,184
6,6
14,14
171,171
96,96
10,10
82,82
145,145
140,140
19,19
160,160
44,44
71,71
44,44
140,140
158,158
16,16
110,110
55,55
108,108
140,140
42,42
177,177
38,38
52,52
162,162
119,119
146,146
99,99
174,174
25,25
192,192
196,196
147,147
41,41
193,193
176,176
165,165
55,55
123,123
176,176
117,117
92,92
40,40
61,61
83,83
32,32
94,94
181,181
97,97
59,59
86,86
66,66
111,111
127,127
139,139
77,77
128,128
53,53
84,84
122,122
100,100
161,161
5,5
130,130
111,111
141,141
95,95
126,126
6,6
145,145
128,128
174,174
134,134
73,73
41,41
71,71
10,10
127,127
79,79
150,150
142,142
185,185
126,126
50,50
131,131
122,122
179,179
11,11
88,88
114,114
101,101
6,6
35,35
158,158
129,129
139,139
123,123
66,66
46,46
55,55
51,51
56,56
89,89
59,59
49,49
61,61
149,149
151,151
125,125
90,90
102,102
187,187
76,76
141,141
97,97
168,168
92,92
32,32
100,100
75,75
9,9
115,115
84,84
70,70
49,49
172,172
53,53
12,12
1,1
81,81
86,86
54,54
130,130
5,5
145,145
19,19
176,176
135,135
112,112
196,196
61,61
111,111
118,118
149,149
99,99
103,103
80,80
15,15
176,176
197,197
5,5
77,77
102,102
111,111
108,108
150,150
93,93
169,169
89,89
143,143
35,35
71,71
175,175
86,86
115,115
150,150
0,0
116,116
168,168
8,8
22,22
154,154
17,17
116,116
18,18
118,118
72,72
185,185
147,147
144,144
44,44
180,180
190,190
161,161
154,154
125,125
4,4
6,6
163,163
63,63
110,110
162,162
102,102
14,14
137,137
136,136
112,112
66,66
166,166
4,4
85,85
7,7
82,82
38,38
27,27
52,52
5,5
169,169
73,73
7,7
120,120
6,6
149,149
90,90
58,58
77,77
9,9
22,22
71,71
139,139
143,143
151,151
48,48
82,82
138,138
163,163
140,140
37,37
108,108
63,63
193,193
141,141
157,157
61,61
88,88
183,183
55,55
157,157
195,195
139,139
17,17
158,158
132,132
62,62
27,27
95,95
193,193
190,190
19,19
160,160
93,93
127,127
110,110
29,29
63,63
165,165
43,43
136,136
185,185
174,174
148,148
136,136
55,55
25,25
194,194
66,66
172,172
41,41
149,149
53,53
173,173
28,28
193,193
11,11
117,117
129,129
34,34
158,158
5,5
51,51
196,196
158,158
57,57
187,187
55,55
67,67
55,55
159,159
144,144
60,60
175,175
136,136
134,134
0,0
46,46
31,31
143,143
194,194
43,43
35,35
53,53
110,110
68,68
23,23
39,39
124,124
22,22
98,98
94,94
37,37
110,110
170,170
12,12
182,182
122,122
76,76
31,31
59,59
102,102
109,109
88,88
71,71
107,107
13,13
143,143
12,12
84,84
67,67
143,143
7,7
5,5
10,10
52,52
19,19
157,157
83,83
38,38
32,32
90,90
146,146
135,135
49,49
2,2
9,9
90,90
31,31
83,83
52,52
150,150
4,4
26,26
27,27
136,136
117,117
79,79
121,121
47,47
7,7
85,85
130,130
71,71
159,159
13,13
101,101
182,182
162,162
120,120
127,127
68,68
30,30
197,197
131,131
155,155
131,131
193,193
172,172
141,141
24,24
92,92
194,194
35,35
141,141
161,161
163,163
193,193
74,74
151,151
98,98
108,108
50,50
113,113
52,52
180,180
194,194
6,6
11,11
74,74
190,190
42,42
70,70
30,30
155,155
20,20
172,172
61,61
118,118
115,115
173,173
112,112
67,67
9,9
61,61
170,170
98,98
64,64
169,169
105,105
161,161
1,1
13,13
101,101
114,114
168,168
184,184
45,45
88,88
95,95
91,91
110,110
65,65
159,159
103,103
128,128
55,55
6,6
166,166
88,88
131,131
33,33
194,194
54,54
176,176
78,78
159,159
96,96
14,14
39,39
102,102
1,1
98,98
107,107
61,61
22,22
54,54
126,126
85,85
88,88
86,86
12,12
13,13
15,15
83,83
146,146
176,176
50,50
36,36
11,11
103,103
83,83
48,48
107,107
107,107
128,128
124,124
12,12
79,79
130,130
119,119
7,7
53,53
129,129
104,104
66,66
175,175
93,93
10,10
13,13
109,109
78,78
45,45
171,171
108,108
188,188
190,190
131,131
97,97
179,179
36,36
144,144
185,185
20,20
94,94
195,195
141,141
35,35
66,66
151,151
71,71
62,62
146,146
0,0
97,97
7,7
162,162
172,172
153,153
66,66
83,83
139,139
42,42
75,75
36,36
124,124
20,20
134,134
47,47
75,75
128,128
105,105
162,162
147,147
102,102
70,70
79,79
123,123
69,69
18,18
84,84
191,191
127,127
150,150
123,123
96,96
42,42
55,55
52,52
46,46
7,7
20,20
172,172
86,86
90,90
22,22
80,80
113,113
61,61
122,122
113,113
192,192
94,94
26,26
168,168
34,34
89,89
110,110
152,152
1,1
50,50
170,170
116,116
19,19
160,160
147,147
83,83
27,27
38,38
45,45
191,191
147,147
139,139
132,132
65,65
123,123
97,97
124,124
54,54
46,46
81,81
119,119
73,73
17,17
31,31
88,88
87,87
145,145
117,117
9,9
147,147
83,83
86,86
178,178
25,25
21,21
105,105
164,164
105,105
153,153
78,78
119,119
193,193
186,186
109,109
132,132
187,187
42,42
178,178
145,145
167,167
178,178
160,160
132,132
62,62
172,172
51,51
72,72
62,62
23,23
96,96
82,82
104,104
8,8
79,79
64,64
47,47
95,95
158,158
23,23
68,68
69,69
34,34
186,186
81,81
120,120
64,64
54,54
62,62
47,47
185,185
164,164
74,74
13,13
58,58
174,174
146,146
88,88
60,60
188,188
45,45
63,63
44,44
83,83
145,145
154,154
154,154
100,100
165,165
91,91
133,133
105,105
40,40
74,74
76,76
48,48
59,59
170,170
157,157
66,66
67,67
61,61
35,35
113,113
15,15
162,162
152,152
1,1
158,158
175,175
65,65
75,75
169,169
55,55
23,23
82,82
122,122
68,68
44,44
50,50
38,38
98,98
131,131
191,191
55,55
26,26
127,127
191,191
87,87
196,196
34,34
46,46
179,179
46,46
34,34
137,137
174,174
99,99
33,33
83,83
116,116
41,41
6,6
99,99
172,172
66,66
99,99
133,133
176,176
26,26
36,36
29,29
170,170
156,156
157,157
160,160
116,116
94,94
136,136
175,175
16,16
76,76
164,164
5,5
29,29
88,88
66,66
161,161
86,86
160,160
77,77
168,168
68,68
155,155
107,107
99,99
125,125
97,97
180,180
152,152
30,30
85,85
14,14
153,153
131,131
81,81
115,115
173,173
154,154
49,49
94,94
175,175
28,28
193,193
194,194
195,195
41,41
145,145
89,89
69,69
27,27
18,18
15,15
120,120
146,146
146,146
180,180
128,128
73,73
78,78
97,97
133,133
15,15
168,168
82,82
177,177
48,48
58,58
85,85
133,133
113,113
122,122
192,192
140,140
56,56
110,110
70,70
55,55
135,135
101,101
130,130
66,66
22,22
186,186
165,165
27,27
27,27
182,182
57,57
71,71
20,20
52,52
133,133
179,179
45,45
28,28
23,23
156,156
157,157
8,8
197,197
11,11
192,192
10,10
187,187
191,191
56,56
158,158
53,53
21,21
186,186
84,84
91,91
172,172
68,68
167,167
109,109
4,4
38,38
91,91
42,42
83,83
160,160
65,65
42,42
139,139
117,117
46,46
66,66
176,176
165,165
142,142
186,186
114,114
20,20
108,108
138,138
165,165
71,71
89,89
160,160
136,136
107,107
131,131
14,14
126,126
192,192
17,17
11,11
175,175
100,100
179,179
108,108
134,134
94,94
110,110
190,190
97,97
61,61
168,168
112,112
59,59
191,191
49,49
100,100
53,53
178,178
36,36
196,196
32,32
95,95
15,15
86,86
65,65
90,90
56,56
165,165
104,104
140,140
81,81
104,104
128,128
48,48
45,45
138,138
102,102
45,45
54,54
197,197
163,163
172,172
47,47
121,121
147,147
146,146
167,167
99,99
156,156
1,1
55,55
122,122
95,95
63,63
52,52
47,47
62,62
124,124
168,168
65,65
131,131
67,67
145,145
55,55
18,18
44,44
194,194
102,102
37,37
131,131
78,78
132,132
69,69
14,14
95,95
66,66
148,148
155,155
96,96
39,39
89,89
191,191
69,69
135,135
62,62
97,97
103,103
97,97
104,104
10,10
176,176
185,185
28,28
8,8
132,132
63,63
94,94
4,4
81,81
97,97
171,171
147,147
80,80
116,116
127,127
137,137
97,97
13,13
28,28
188,188
100,100
117,117
135,135
15,15
44,44
74,74
132,132
190,190
25,25
136,136
144,144
114,114
110,110
50,50
39,39
154,154
44,44
43,43
55,55
32,32
154,154
67,67
136,136
140,140
175,175
11,11
115,115
187,187
58,58
192,192
92,92
4,4
137,137
72,72
32,32
24,24
52,52
132,132
54,54
149,149
183,183
122,122
137,137
179,179
96,96
120,120
67,67
27,27
32,32
149,149
174,174
71,71
189,189
12,12
49,49
21,21
170,170
186,186
117,117
126,126
20,20
102,102
10,10
82,82
162,162
150,150
100,100
6,6
194,194
98,98
109,109
187,187
186,186
163,163
109,109
60,60
53,53
86,86
130,130
15,15
19,19
189,189
118,118
113,113
48,48
102,102
168,168
87,87
130,130
121,121
101,101
13,13
105,105
137,137
181,181
140,140
85,85
115,115
97,97
67,67
36,36
128,128
148,148
197,197
49,49
158,158
191,191
46,46
177,177
107,107
90,90
23,23
52,52
181,181
8,8
131,131
178,178
46,46
67,67
132,132
128,128
80,80
148,148
71,71
43,43
185,185
128,128
64,64
158,158
162,162
144,144
102,102
185,185
94,94
46,46
157,157
130,130
100,100
17,17
123,123
166,166
97,97
128,128
77,77
1,1
23,23
148,148
166,166
86,86
29,29
99,99
92,92
107,107
137,137
155,155
166,166
165,165
75,75
83,83
35,35
183,183
6,6
195,195
117,117
24,24
74,74
133,133
134,134
165,165
67,67
164,164
50,50
127,127
67,67
102,102
94,94
78,78
163,163
38,38
187,187
92,92
149,149
53,53
158,158
73,73
11,11
77,77
39,39
76,76
48,48
143,143
114,114
131,131
160,160
136,136
35,35
30,30
91,91
83,83
117,117
195,195
29,29
151,151
169,169
15,15
165,165
175,175
34,34
56,56
167,167
38,38
69,69
16,16
192,192
102,102
84,84
101,101
87,87
120,120
43,43
41,41
143,143
1,1
111,111
78,78
14,14
85,85
109,109
120,120
144,144
165,165
145,145
31,31
164,164
48,48
197,197
58,58
77,77
128,128
151,151
5,5
156,156
132,132
122,122
163,163
51,51
11,11
5,5
193,193
35,35
181,181
189,189
141,141
78,78
178,178
175,175
62,62
131,131
35,35
33,33
133,133
137,137
160,160
5,5
61,61
104,104
65,65
5,5
26,26
42,42
26,26
48,48
169,169
134,134
63,63
78,78
162,162
17,17
135,135
169,169
95,95
67,67
165,165
133,133
115,115
53,53
187,187
27,27
190,190
55,55
86,86
111,111
2,2
37,37
7,7
4,4
48,48
132,132
0,0
143,143
87,87
130,130
28,28
29,29
183,183
145,145
39,39
178,178
70,70
158,158
114,114
178,178
72,72
8,8
37,37
74,74
97,97
90,90
149,149
194,194
112,112
4,4
143,143
165,165
40,40
109,109
186,186
112,112
148,148
104,104
169,169
116,116
85,85
46,46
83,83
66,66
180,180
119,119
5,5
169,169
30,30
175,175
48,48
194,194
12,12
14,14
105,105
197,197
124,124
4,4
123,123
165,165
187,187
89,89
121,121
88,88
143,143
182,182
34,34
20,20
45,45
86,86
127,127
15,15
32,32
86,86
142,142
128,128
9,9
157,157
8,8
80,80
93,93
186,186
78,78
140,140
66,66
85,85
185,185
30,30
80,80
60,60
56,56
193,193
169,169
66,66
0,0
83,83
63,63
16,16
112,112
115,115
73,73
171,171
133,133
119,119
192,192
145,145
23,23
169,169
0,0
13,13
6,6
99,99
87,87
100,100
31,31
67,67
71,71
192,192
31,31
57,57
15,15
112,112
125,125
83,83
64,64
152,152
191,191
193,193
35,35
52,52
83,83
146,146
75,75
79,79
150,150
141,141
168,168
133,133
13,13
128,128
134,134
127,127
150,150
124,124
161,161
130,130
10,10
26,26
1,1
110,110
128,128
108,108
196,196
195,195
113,113
146,146
42,42
27,27
164,164
140,140
120,120
77,77
80,80
124,124
131,131
107,107
11,11
151,151
148,148
154,154
165,165
37,37
3,3
48,48
154,154
23,23
54,54
63,63
123,123
25,25
10,10
138,138
21,21
119,119
148,148
61,61
136,136
81,81
10,10
64,64
185,185
93,93
183,183
166,166
139,139
87,87
136,136
165,165
84,84
180,180
162,162
157,157
149,149
77,77
176,176
98,98
172,172
188,188
191,191
104,104
34,34
167,167
100,100
133,133
76,76
105,105
191,191
10,10
8,8
175,175
194,194
54,54
100,100
44,44
57,57
90,90
74,74
103,103
30,30
81,81
27,27
141,141
107,107
71,71
91,91
57,57
134,134
58,58
109,109
18,18
180,180
0,0
37,37
126,126
76,76
156,156
34,34
45,45
2,2
80,80
197,197
45,45
27,27
21,21
119,119
132,132
64,64
119,119
110,110
125,125
159,159
141,141
18,18
137,137
155,155
160,160
59,59
95,95
193,193
15,15
60,60
141,141
51,51
178,178
61,61
20,20
131,131
66,66
171,171
102,102
25,25
160,160
15,15
187,187
173,173
163,163
34,34
40,40
9,9
136,136
105,105
194,194
43,43
22,22
44,44
33,33
110,110
157,157
197,197
13,13
111,111
140,140
189,189
17,17
109,109
137,137
42,42
92,92
78,78
30,30
104,104
172,172
103,103
78,78
97,97
36,36
13,13
18,18
163,163
158,158
191,191
175,175
23,23
46,46
9,9
141,141
24,24
190,190
52,52
118,118
76,76
162,162
8,8
47,47
77,77
7,7
143,143
192,192
52,52
39,39
96,96
45,45
195,195
64,64
109,109
106,106
46,46
7,7
128,128
87,87
185,185
94,94
148,148
168,168
143,143
190,190
112,112
53,53
40,40
39,39
159,159
52,52
177,177
160,160
64,64
19,19
73,73
189,189
124,124
59,59
90,90
88,88
91,91
140,140
95,95
66,66
75,75
171,171
65,65
11,11
84,84
134,134
110,110
96,96
177,177
128,128
197,197
1,1
133,133
187,187
26,26
150,150
24,24
46,46
36,36
157,157
81,81
78,78
85,85
146,146
8,8
176,176
49,49
105,105
98,98
178,178
70,70
12,12
51,51
104,104
22,22
94,94
75,75
142,142
28,28
176,176
141,141
5,5
94,94
183,183
128,128
65,65
13,13
176,176
65,65
173,173
121,121
92,92
176,176
89,89
12,12
109,109
72,72
163,163
77,77
60,60
21,21
99,99
3,3
25,25
68,68
97,97
134,134
30,30
12,12
2,2
56,56
116,116
163,163
113,113
28,28
19,19
170,170
85,85
68,68
38,38
189,189
118,118
97,97
161,161
161,161
15,15
70,70
133,133
44,44
144,144
92,92
1,1
139,139
182,182
32,32
96,96
169,169
150,150
83,83
4,4
1,1
43,43
158,158
175,175
66,66
77,77
196,196
188,188
168,168
128,128
1,1
135,135
184,184
8,8
163,163
95,95
49,49
36,36
19,19
49,49
148,148
0,0
197,197
101,101
104,104
63,63
69,69
127,127
140,140
128,128
31,31
40,40
147,147
154,154
77,77
71,71
132,132
23,23
195,195
136,136
175,175
17,17
155,155
89,89
134,134
133,133
164,164
37,37
72,72
106,106
71,71
2,2
161,161
154,154
123,123
139,139
30,30
192,192
70,70
113,113
144,144
13,13
112,112
116,116
41,41
55,55
72,72
117,117
196,196
176,176
41,41
14,14
93,93
93,93
90,90
136,136
60,60
125,125
161,161
185,185
98,98
119,119
74,74
138,138
4,4
45,45
81,81
28,28
104,104
59,59
157,157
135,135
46,46
101,101
118,118
68,68
140,140
103,103
42,42
150,150
24,24
136,136
80,80
181,181
13,13
102,102
179,179
26,26
98,98
124,124
3,3
73,73
63,63
162,162
34,34
51,51
184,184
149,149
113,113
3,3
116,116
117,117
65,65
192,192
164,164
64,64
113,113
184,184
166,166
18,18
77,77
85,85
73,73
2,2
114,114
113,113
68,68
96,96
63,63
175,175
15,15
195,195
156,156
62,62
170,170
134,134
114,114
27,27
140,140
119,119
131,131
193,193
38,38
132,132
88,88
141,141
84,84
98,98
141,141
119,119
38,38
117,117
41,41
31,31
16,16
118,118
61,61
131,131
42,42
20,20
50,50
172,172
34,34
23,23
5,5
90,90
77,77
50,50
126,126
135,135
139,139
194,194
188,188
2,2
65,65
177,177
107,107
2,2
67,67
50,50
77,77
132,132
24,24
58,58
48,48
35,35
127,127
161,161
194,194
14,14
10,10
153,153
97,97
50,50
93,93
116,116
36,36
178,178
161,161
56,56
175,175
128,128
102,102
140,140
127,127
80,80
132,132
110,110
87,87
10,10
122,122
187,187
136,136
4,4
112,112
87,87
125,125
8,8
154,154
75,75
22,22
85,85
192,192
192,192
107,107
20,20
26,26
151,151
162,162
132,132
49,49
146,146
5,5
62,62
154,154
148,148
89,89
89,89
96,96
192,192
21,21
175,175
130,130
190,190
103,103
138,138
85,85
35,35
67,67
177,177
177,177
4,4
134,134
153,153
2,2
88,88
76,76
191,191
191,191
52,52
10,10
83,83
57,57
177,177
165,165
77,77
176,176
4,4
174,174
138,138
35,35
67,67
17,17
167,167
150,150
25,25
51,51
77,77
132,132
175,175
157,157
120,120
192,192
108,108
40,40
68,68
51,51
106,106
135,135
20,20
44,44
85,85
195,195
80,80
105,105
34,34
36,36
155,155
50,50
157,157
159,159
188,188
122,122
97,97
140,140
24,24
196,196
152,152
1,1
106,106
56,56
73,73
88,88
59,59
139,139
48,48
117,117
129,129
162,162
35,35
122,122
58,58
66,66
31,31
166,166
48,48
175,175
111,111
25,25
154,154
1,1
45,45
54,54
167,167
59,59
40,40
78,78
22,22
101,101
29,29
109,109
71,71
118,118
21,21
141,141
76,76
7,7
87,87
118,118
54,54
187,187
166,166
145,145
74,74
0,0
109,109
16,16
115,115
172,172
22,22
82,82
3,3
155,155
57,57
4,4
91,91
91,91
173,173
126,126
115,115
32,32
79,79
32,32
176,176
60,60
164,164
70,70
21,21
110,110
158,158
144,144
187,187
123,123
133,133
142,142
82,82
168,168
56,56
167,167
101,101
54,54
138,138
14,14
145,145
108,108
132,132
86,86
25,25
16,16
159,159
46,46
61,61
1,1
148,148
170,170
143,143
90,90
164,164
149,149
173,173
90,90
113,113
119,119
41,41
29,29
75,75
0,0
113,113
100,100
104,104
140,140
83,83
100,100
119,119
157,157
169,169
21,21
162,162
92,92
86,86
127,127
1,1
181,181
28,28
94,94
23,23
128,128
44,44
86,86
67,67
11,11
161,161
118,118
95,95
36,36
70,70
153,153
167,167
185,185
95,95
92,92
172,172
24,24
108,108
172,172
141,141
40,40
94,94
4,4
197,197
79,79
158,158
161,161
81,81
41,41
2,2
194,194
79,79
95,95
142,142
112,112
15,15
5,5
34,34
178,178
63,63
49,49
6,6
64,64
2,2
38,38
40,40
109,109
186,186
160,160
3,3
35,35
166,166
102,102
141,141
135,135
143,143
82,82
98,98
79,79
170,170
34,34
67,67
88,88
40,40
12,12
9,9
77,77
99,99
135,135
101,101
25,25
129,129
140,140
197,197
56,56
31,31
22,22
176,176
65,65
165,165
140,140
101,101
4,4
42,42
145,145
151,151
26,26
107,107
177,177
48,48
50,50
173,173
69,69
83,83
162,162
1,1
46,46
7,7
56,56
75,75
58,58
182,182
185,185
34,34
149,149
22,22
45,45
125,125
127,127
148,148
15,15
72,72
139,139
174,174
122,122
34,34
126,126
66,66
162,162
52,52
19,19
38,38
165,165
41,41
70,70
166,166
12,12
184,184
162,162
129,129
151,151
44,44
57,57
168,168
78,78
155,155
35,35
7,7
29,29
94,94
41,41
80,80
21,21
67,67
197,197
158,158
42,42
12,12
185,185
169,169
88,88
121,121
4,4
54,54
95,95
185,185
182,182
58,58
189,189
100,100
166,166
105,105
70,70
155,155
81,81
46,46
171,171
31,31
4,4
126,126
42,42
155,155
27,27
49,49
133,133
143,143
68,68
178,178
29,29
173,173
191,191
44,44
129,129
22,22
107,107
51,51
96,96
25,25
25,25
178,178
15,15
110,110
130,130
55,55
15,15
105,105
52,52
42,42
78,78
15,15
131,131
151,151
138,138
31,31
186,186
12,12
91,91
188,188
40,40
0,0
18,18
18,18
104,104
54,54
58,58
147,147
169,169
22,22
179,179
135,135
134,134
108,108
141,141
105,105
195,195
129,129
181,181
166,166
41,41
148,148
133,133
39,39
136,136
111,111
171,171
99,99
68,68
4,4
34,34
108,108
47,47
112,112
87,87
87,87
180,180
102,102
175,175
164,164
62,62
88,88
77,77
105,105
149,149
113,113
21,21
40,40
13,13
187,187
53,53
41,41
160,160
134,134
97,97
34,34
154,154
173,173
132,132
53,53
159,159
133,133
54,54
194,194
12,12
147,147
26,26
62,62
76,76
158,158
128,128
26,26
0,0
42,42
155,155
187,187
162,162
100,100
91,91
82,82
36,36
181,181
92,92
118,118
125,125
189,189
187,187
20,20
73,73
47,47
32,32
131,131
146,146
183,183
42,42
94,94
29,29
159,159
99,99
110,110
102,102
23,23
188,188
59,59
62,62
194,194
105,105
55,55
174,174
173,173
150,150
87,87
196,196
65,65
126,126
111,111
180,180
161,161
31,31
69,69
146,146
174,174
44,44
39,39
195,195
40,40
103,103
69,69
161,161
10,10
156,156
35,35
6,6
29,29
29,29
120,120
197,197
102,102
67,67
110,110
151,151
154,154
121,121
20,20
55,55
152,152
13,13
83,83
109,109
86,86
115,115
119,119
78,78
21,21
150,150
29,29
57,57
22,22
195,195
154,154
5,5
176,176
87,87
125,125
95,95
125,125
120,120
157,157
22,22
132,132
101,101
21,21
140,140
122,122
103,103
91,91
186,186
53,53
100,100
79,79
137,137
22,22
41,41
125,125
146,146
69,69
117,117
126,126
0,0
108,108
106,106
76,76
168,168
10,10
7,7
98,98
124,124
66,66
110,110
166,166
54,54
114,114
120,120
143,143
6,6
48,48
28,28
190,190
66,66
171,171
58,58
98,98
156,156
37,37
4,4
35,35
157,157
7,7
99,99
19,19
106,106
31,31
76,76
0,0
153,153
131,131
74,74
1,1
72,72
172,172
136,136
174,174
92,92
94,94
81,81
2,2
52,52
98,98
162,162
50,50
111,111
32,32
179,179
89,89
190,190
101,101
97,97
100,100
160,160
124,124
85,85
98,98
32,32
96,96
46,46
78,78
114,114
78,78
13,13
95,95
32,32
80,80
76,76
40,40
158,158
94,94
59,59
103,103
106,106
141,141
46,46
126,126
110,110
154,154
166,166
181,181
60,60
27,27
94,94
113,113
147,147
130,130
75,75
183,183
24,24
186,186
10,10
188,188
20,20
98,98
176,176
165,165
54,54
87,87
123,123
184,184
17,17
84,84
6,6
100,100
80,80
111,111
63,63
192,192
160,160
37,37
171,171
23,23
46,46
27,27
34,34
109,109
30,30
139,139
81,81
59,59
29,29
156,156
57,57
116,116
18,18
127,127
130,130
157,157
84,84
106,106
19,19
24,24
130,130
89,89
175,175
59,59
142,142
81,81
12,12
185,185
64,64
7,7
22,22
42,42
192,192
85,85
80,80
57,57
176,176
14,14
77,77
46,46
26,26
26,26
182,182
41,41
3,3
117,117
176,176
122,122
137,137
174,174
168,168
62,62
126,126
43,43
158,158
185,185
11,11
81,81
24,24
18,18
127,127
178,178
9,9
33,33
69,69
89,89
74,74
191,191
